<?xml version="1.0" encoding="UTF-8"?>
<EngineeringData version="19.0.0.174" versiondate="18/12/2017 13:35:00">
  <Notes>
  </Notes>
  <Materials>
    <MatML_Doc>
      <Material>
        <BulkDetails>
          <Name>Air(Atmospheric)</Name>
          <Description>"Thermodynamic and Transport Properties of Fluids, SI Units", GFC Rogers, YR Mayhew</Description>
          <PropertyData property="pr0">
            <Data format="string">-</Data>
            <Qualifier name="Localized Name">Ideal Gas EOS</Qualifier>
            <ParameterValue parameter="pa0" format="float">
              <Data>1.4</Data>
              <Qualifier name="Variable Type">Dependent</Qualifier>
            </ParameterValue>
            <ParameterValue parameter="pa1" format="float">
              <Data>0</Data>
              <Qualifier name="Variable Type">Dependent</Qualifier>
            </ParameterValue>
            <ParameterValue parameter="pa2" format="float">
              <Data>0</Data>
              <Qualifier name="Variable Type">Dependent</Qualifier>
            </ParameterValue>
            <ParameterValue parameter="pa3" format="float">
              <Data>15.05</Data>
              <Qualifier name="Variable Type">Dependent</Qualifier>
            </ParameterValue>
            <ParameterValue parameter="pa4" format="float">
              <Data>200000</Data>
              <Qualifier name="Variable Type">Dependent</Qualifier>
            </ParameterValue>
          </PropertyData>
          <PropertyData property="pr3">
            <Data format="string">-</Data>
            <Qualifier name="Field Variable Compatible">Temperature</Qualifier>
            <Qualifier name="Localized Name">Density</Qualifier>
            <ParameterValue parameter="pa10" format="string">
              <Data>Interpolation Options</Data>
              <Qualifier name="AlgorithmType">Linear Multivariate</Qualifier>
              <Qualifier name="Normalized">True</Qualifier>
              <Qualifier name="Cached">True</Qualifier>
            </ParameterValue>
            <ParameterValue parameter="pa11" format="float">
              <Data>1.225</Data>
              <Qualifier name="Variable Type">Dependent</Qualifier>
            </ParameterValue>
            <ParameterValue parameter="pa12" format="float">
              <Data>7.88860905221012e-31</Data>
              <Qualifier name="Variable Type">Independent</Qualifier>
              <Qualifier name="Field Variable">Temperature</Qualifier>
              <Qualifier name="Default Data">22</Qualifier>
              <Qualifier name="Upper Limit">0.0118329135783152</Qualifier>
              <Qualifier name="Lower Limit">0.00394430452610506</Qualifier>
              <Qualifier name="Field Units">C</Qualifier>
            </ParameterValue>
          </PropertyData>
          <PropertyData property="pr5">
            <Data format="string">-</Data>
            <Qualifier name="Definition">Constant Pressure</Qualifier>
            <Qualifier name="Field Variable Compatible">Temperature</Qualifier>
            <Qualifier name="Symbol">Cᵨ</Qualifier>
            <Qualifier name="Localized Name">Specific Heat Constant Pressure</Qualifier>
            <ParameterValue parameter="pa14" format="float">
              <Data>717.599976</Data>
              <Qualifier name="Variable Type">Dependent</Qualifier>
            </ParameterValue>
            <ParameterValue parameter="pa12" format="float">
              <Data>7.88860905221012e-31</Data>
              <Qualifier name="Variable Type">Independent</Qualifier>
              <Qualifier name="Field Variable">Temperature</Qualifier>
              <Qualifier name="Default Data">22</Qualifier>
              <Qualifier name="Upper Limit">0.0118329135783152</Qualifier>
              <Qualifier name="Lower Limit">0.00394430452610506</Qualifier>
              <Qualifier name="Field Units">C</Qualifier>
            </ParameterValue>
          </PropertyData>
          <PropertyData property="pr1">
            <Data format="string">-</Data>
            <Qualifier name="Localized Name">Color</Qualifier>
            <ParameterValue parameter="pa5" format="float">
              <Data>181</Data>
              <Qualifier name="Variable Type">Dependent</Qualifier>
            </ParameterValue>
            <ParameterValue parameter="pa6" format="float">
              <Data>155</Data>
              <Qualifier name="Variable Type">Dependent</Qualifier>
            </ParameterValue>
            <ParameterValue parameter="pa7" format="float">
              <Data>130</Data>
              <Qualifier name="Variable Type">Dependent</Qualifier>
            </ParameterValue>
            <ParameterValue parameter="pa8" format="string">
              <Data>Appearance</Data>
            </ParameterValue>
          </PropertyData>
          <PropertyData property="pr2">
            <Data format="string">-</Data>
            <Qualifier name="Behavior">Isotropic</Qualifier>
            <Qualifier name="Field Variable Compatible">Temperature</Qualifier>
            <Qualifier name="Localized Name">Isotropic Thermal Conductivity</Qualifier>
            <ParameterValue parameter="pa9" format="float">
              <Data>0.0242</Data>
              <Qualifier name="Variable Type">Dependent</Qualifier>
            </ParameterValue>
            <ParameterValue parameter="pa12" format="float">
              <Data>7.88860905221012e-31</Data>
              <Qualifier name="Variable Type">Independent</Qualifier>
              <Qualifier name="Field Variable">Temperature</Qualifier>
              <Qualifier name="Default Data">22</Qualifier>
              <Qualifier name="Upper Limit">0.0118329135783152</Qualifier>
              <Qualifier name="Lower Limit">0.00394430452610506</Qualifier>
              <Qualifier name="Field Units">C</Qualifier>
            </ParameterValue>
          </PropertyData>
        </BulkDetails>
      </Material>
      <Material>
        <BulkDetails>
          <Name>PVC</Name>
          <PropertyData property="pr1">
            <Data format="string">-</Data>
            <Qualifier name="Localized Name">Color</Qualifier>
            <ParameterValue parameter="pa5" format="float">
              <Data>130</Data>
              <Qualifier name="Variable Type">Dependent</Qualifier>
            </ParameterValue>
            <ParameterValue parameter="pa6" format="float">
              <Data>177</Data>
              <Qualifier name="Variable Type">Dependent</Qualifier>
            </ParameterValue>
            <ParameterValue parameter="pa7" format="float">
              <Data>176</Data>
              <Qualifier name="Variable Type">Dependent</Qualifier>
            </ParameterValue>
            <ParameterValue parameter="pa8" format="string">
              <Data>Appearance</Data>
            </ParameterValue>
          </PropertyData>
          <PropertyData property="pr3">
            <Data format="string">-</Data>
            <Qualifier name="Field Variable Compatible">Temperature</Qualifier>
            <Qualifier name="Localized Name">Density</Qualifier>
            <ParameterValue parameter="pa10" format="string">
              <Data>Interpolation Options</Data>
              <Qualifier name="AlgorithmType">Linear Multivariate</Qualifier>
              <Qualifier name="Normalized">True</Qualifier>
              <Qualifier name="Cached">True</Qualifier>
            </ParameterValue>
            <ParameterValue parameter="pa11" format="float">
              <Data>1200</Data>
              <Qualifier name="Variable Type">Dependent</Qualifier>
            </ParameterValue>
            <ParameterValue parameter="pa12" format="float">
              <Data>7.88860905221012e-31</Data>
              <Qualifier name="Variable Type">Independent</Qualifier>
              <Qualifier name="Field Variable">Temperature</Qualifier>
              <Qualifier name="Default Data">22</Qualifier>
              <Qualifier name="Upper Limit">0.0118329135783152</Qualifier>
              <Qualifier name="Lower Limit">0.00394430452610506</Qualifier>
              <Qualifier name="Field Units">C</Qualifier>
            </ParameterValue>
          </PropertyData>
          <PropertyData property="pr2">
            <Data format="string">-</Data>
            <Qualifier name="Behavior">Isotropic</Qualifier>
            <Qualifier name="Field Variable Compatible">Temperature</Qualifier>
            <Qualifier name="Localized Name">Isotropic Thermal Conductivity</Qualifier>
            <ParameterValue parameter="pa9" format="float">
              <Data>0.15</Data>
              <Qualifier name="Variable Type">Dependent</Qualifier>
            </ParameterValue>
            <ParameterValue parameter="pa12" format="float">
              <Data>7.88860905221012e-31</Data>
              <Qualifier name="Variable Type">Independent</Qualifier>
              <Qualifier name="Field Variable">Temperature</Qualifier>
              <Qualifier name="Default Data">22</Qualifier>
              <Qualifier name="Upper Limit">0.0118329135783152</Qualifier>
              <Qualifier name="Lower Limit">0.00394430452610506</Qualifier>
              <Qualifier name="Field Units">C</Qualifier>
            </ParameterValue>
          </PropertyData>
          <PropertyData property="pr5">
            <Data format="string">-</Data>
            <Qualifier name="Definition">Constant Pressure</Qualifier>
            <Qualifier name="Field Variable Compatible">Temperature</Qualifier>
            <Qualifier name="Symbol">Cᵨ</Qualifier>
            <Qualifier name="Localized Name">Specific Heat Constant Pressure</Qualifier>
            <ParameterValue parameter="pa14" format="float">
              <Data>900</Data>
              <Qualifier name="Variable Type">Dependent</Qualifier>
            </ParameterValue>
            <ParameterValue parameter="pa12" format="float">
              <Data>7.88860905221012e-31</Data>
              <Qualifier name="Variable Type">Independent</Qualifier>
              <Qualifier name="Field Variable">Temperature</Qualifier>
              <Qualifier name="Default Data">22</Qualifier>
              <Qualifier name="Upper Limit">0.0118329135783152</Qualifier>
              <Qualifier name="Lower Limit">0.00394430452610506</Qualifier>
              <Qualifier name="Field Units">C</Qualifier>
            </ParameterValue>
          </PropertyData>
        </BulkDetails>
      </Material>
      <Material>
        <BulkDetails>
          <Name>Isopor</Name>
          <PropertyData property="pr1">
            <Data format="string">-</Data>
            <Qualifier name="Localized Name">Color</Qualifier>
            <ParameterValue parameter="pa5" format="float">
              <Data>109</Data>
              <Qualifier name="Variable Type">Dependent</Qualifier>
            </ParameterValue>
            <ParameterValue parameter="pa6" format="float">
              <Data>157</Data>
              <Qualifier name="Variable Type">Dependent</Qualifier>
            </ParameterValue>
            <ParameterValue parameter="pa7" format="float">
              <Data>209</Data>
              <Qualifier name="Variable Type">Dependent</Qualifier>
            </ParameterValue>
            <ParameterValue parameter="pa8" format="string">
              <Data>Appearance</Data>
            </ParameterValue>
          </PropertyData>
          <PropertyData property="pr2">
            <Data format="string">-</Data>
            <Qualifier name="Behavior">Isotropic</Qualifier>
            <Qualifier name="Field Variable Compatible">Temperature</Qualifier>
            <Qualifier name="Localized Name">Isotropic Thermal Conductivity</Qualifier>
            <ParameterValue parameter="pa9" format="float">
              <Data>0.033</Data>
              <Qualifier name="Variable Type">Dependent</Qualifier>
            </ParameterValue>
            <ParameterValue parameter="pa12" format="float">
              <Data>7.88860905221012e-31</Data>
              <Qualifier name="Variable Type">Independent</Qualifier>
              <Qualifier name="Field Variable">Temperature</Qualifier>
              <Qualifier name="Default Data">22</Qualifier>
              <Qualifier name="Upper Limit">0.0118329135783152</Qualifier>
              <Qualifier name="Lower Limit">0.00394430452610506</Qualifier>
              <Qualifier name="Field Units">C</Qualifier>
            </ParameterValue>
          </PropertyData>
          <PropertyData property="pr5">
            <Data format="string">-</Data>
            <Qualifier name="Definition">Constant Pressure</Qualifier>
            <Qualifier name="Field Variable Compatible">Temperature</Qualifier>
            <Qualifier name="Symbol">Cᵨ</Qualifier>
            <Qualifier name="Localized Name">Specific Heat Constant Pressure</Qualifier>
            <ParameterValue parameter="pa14" format="float">
              <Data>1400</Data>
              <Qualifier name="Variable Type">Dependent</Qualifier>
            </ParameterValue>
            <ParameterValue parameter="pa12" format="float">
              <Data>7.88860905221012e-31</Data>
              <Qualifier name="Variable Type">Independent</Qualifier>
              <Qualifier name="Field Variable">Temperature</Qualifier>
              <Qualifier name="Default Data">22</Qualifier>
              <Qualifier name="Upper Limit">0.0118329135783152</Qualifier>
              <Qualifier name="Lower Limit">0.00394430452610506</Qualifier>
              <Qualifier name="Field Units">C</Qualifier>
            </ParameterValue>
          </PropertyData>
          <PropertyData property="pr3">
            <Data format="string">-</Data>
            <Qualifier name="Field Variable Compatible">Temperature</Qualifier>
            <Qualifier name="Localized Name">Density</Qualifier>
            <ParameterValue parameter="pa10" format="string">
              <Data>Interpolation Options</Data>
              <Qualifier name="AlgorithmType">Linear Multivariate</Qualifier>
              <Qualifier name="Normalized">True</Qualifier>
              <Qualifier name="Cached">True</Qualifier>
            </ParameterValue>
            <ParameterValue parameter="pa11" format="float">
              <Data>50</Data>
              <Qualifier name="Variable Type">Dependent</Qualifier>
            </ParameterValue>
            <ParameterValue parameter="pa12" format="float">
              <Data>7.88860905221012e-31</Data>
              <Qualifier name="Variable Type">Independent</Qualifier>
              <Qualifier name="Field Variable">Temperature</Qualifier>
              <Qualifier name="Default Data">22</Qualifier>
              <Qualifier name="Upper Limit">0.0118329135783152</Qualifier>
              <Qualifier name="Lower Limit">0.00394430452610506</Qualifier>
              <Qualifier name="Field Units">C</Qualifier>
            </ParameterValue>
          </PropertyData>
        </BulkDetails>
      </Material>
      <Material>
        <BulkDetails>
          <Name>Wood</Name>
          <PropertyData property="pr3">
            <Data format="string">-</Data>
            <Qualifier name="Field Variable Compatible">Temperature</Qualifier>
            <Qualifier name="Localized Name">Density</Qualifier>
            <ParameterValue parameter="pa10" format="string">
              <Data>Interpolation Options</Data>
              <Qualifier name="AlgorithmType">Linear Multivariate</Qualifier>
              <Qualifier name="Normalized">True</Qualifier>
              <Qualifier name="Cached">True</Qualifier>
            </ParameterValue>
            <ParameterValue parameter="pa11" format="float">
              <Data>700</Data>
              <Qualifier name="Variable Type">Dependent</Qualifier>
            </ParameterValue>
          </PropertyData>
          <PropertyData property="pr5">
            <Data format="string">-</Data>
            <Qualifier name="Definition">Constant Pressure</Qualifier>
            <Qualifier name="Field Variable Compatible">Temperature</Qualifier>
            <Qualifier name="Symbol">Cᵨ</Qualifier>
            <Qualifier name="Localized Name">Specific Heat Constant Pressure</Qualifier>
            <ParameterValue parameter="pa14" format="float">
              <Data>2310</Data>
              <Qualifier name="Variable Type">Dependent</Qualifier>
            </ParameterValue>
          </PropertyData>
          <PropertyData property="pr7">
            <Data format="string">-</Data>
            <Qualifier name="Localized Name">Latent Heat</Qualifier>
            <ParameterValue parameter="pa16" format="float">
              <Data>0</Data>
              <Qualifier name="Variable Type">Dependent</Qualifier>
            </ParameterValue>
          </PropertyData>
          <PropertyData property="pr8">
            <Data format="string">-</Data>
            <Qualifier name="Localized Name">Vaporization Temperature</Qualifier>
            <ParameterValue parameter="pa17" format="float">
              <Data>126.85</Data>
              <Qualifier name="Variable Type">Dependent</Qualifier>
            </ParameterValue>
          </PropertyData>
          <PropertyData property="pr9">
            <Data format="string">-</Data>
            <Qualifier name="Localized Name">Boiling Point</Qualifier>
            <ParameterValue parameter="pa18" format="float">
              <Data>126.85</Data>
              <Qualifier name="Variable Type">Dependent</Qualifier>
            </ParameterValue>
          </PropertyData>
          <PropertyData property="pr10">
            <Data format="string">-</Data>
            <Qualifier name="Localized Name">Binary Diffusivity</Qualifier>
            <ParameterValue parameter="pa19" format="float">
              <Data>4e-05</Data>
              <Qualifier name="Variable Type">Dependent</Qualifier>
            </ParameterValue>
          </PropertyData>
          <PropertyData property="pr11">
            <Data format="string">-</Data>
            <Qualifier name="Localized Name">Volatile Fraction</Qualifier>
            <ParameterValue parameter="pa20" format="float">
              <Data>0.8</Data>
              <Qualifier name="Variable Type">Dependent</Qualifier>
            </ParameterValue>
          </PropertyData>
          <PropertyData property="pr12">
            <Data format="string">-</Data>
            <Qualifier name="Localized Name">Combustible Fraction</Qualifier>
            <ParameterValue parameter="pa21" format="float">
              <Data>0.2</Data>
              <Qualifier name="Variable Type">Dependent</Qualifier>
            </ParameterValue>
          </PropertyData>
          <PropertyData property="pr13">
            <Data format="string">-</Data>
            <Qualifier name="Localized Name">Swelling Coefficient</Qualifier>
            <ParameterValue parameter="pa22" format="float">
              <Data>1</Data>
              <Qualifier name="Variable Type">Dependent</Qualifier>
            </ParameterValue>
          </PropertyData>
          <PropertyData property="pr14">
            <Data format="string">-</Data>
            <Qualifier name="Localized Name">Emissivity</Qualifier>
            <ParameterValue parameter="pa23" format="float">
              <Data>0.9</Data>
              <Qualifier name="Variable Type">Dependent</Qualifier>
            </ParameterValue>
          </PropertyData>
          <PropertyData property="pr15">
            <Data format="string">-</Data>
            <Qualifier name="Localized Name">Scattering Factor</Qualifier>
            <ParameterValue parameter="pa24" format="float">
              <Data>0.9</Data>
              <Qualifier name="Variable Type">Dependent</Qualifier>
            </ParameterValue>
          </PropertyData>
          <PropertyData property="pr16">
            <Data format="string">-</Data>
            <Qualifier name="Localized Name">Burn Stoichiometry</Qualifier>
            <ParameterValue parameter="pa25" format="float">
              <Data>2.67</Data>
              <Qualifier name="Variable Type">Dependent</Qualifier>
            </ParameterValue>
          </PropertyData>
          <PropertyData property="pr17">
            <Data format="string">-</Data>
            <Qualifier name="Localized Name">Burn Hreact</Qualifier>
            <ParameterValue parameter="pa26" format="float">
              <Data>32789000</Data>
              <Qualifier name="Variable Type">Dependent</Qualifier>
            </ParameterValue>
          </PropertyData>
          <PropertyData property="pr18">
            <Data format="string">-</Data>
            <Qualifier name="Localized Name">Burn Hreact Fraction</Qualifier>
            <ParameterValue parameter="pa27" format="float">
              <Data>0.3</Data>
              <Qualifier name="Variable Type">Dependent</Qualifier>
            </ParameterValue>
          </PropertyData>
          <PropertyData property="pr2">
            <Data format="string">-</Data>
            <Qualifier name="Behavior">Isotropic</Qualifier>
            <Qualifier name="Field Variable Compatible">Temperature</Qualifier>
            <Qualifier name="Localized Name">Isotropic Thermal Conductivity</Qualifier>
            <ParameterValue parameter="pa9" format="float">
              <Data>0.173</Data>
              <Qualifier name="Variable Type">Dependent</Qualifier>
            </ParameterValue>
            <ParameterValue parameter="pa12" format="float">
              <Data>7.88860905221012e-31</Data>
              <Qualifier name="Variable Type">Independent</Qualifier>
              <Qualifier name="Field Variable">Temperature</Qualifier>
              <Qualifier name="Default Data">22</Qualifier>
              <Qualifier name="Upper Limit">0.0118329135783152</Qualifier>
              <Qualifier name="Lower Limit">0.00394430452610506</Qualifier>
              <Qualifier name="Field Units">C</Qualifier>
            </ParameterValue>
          </PropertyData>
          <PropertyData property="pr19">
            <Data format="string">-</Data>
            <Qualifier name="Localized Name">Devolatilization Model</Qualifier>
            <ParameterValue parameter="pa28" format="float">
              <Data>20</Data>
              <Qualifier name="Variable Type">Dependent</Qualifier>
            </ParameterValue>
          </PropertyData>
          <PropertyData property="pr20">
            <Data format="string">-</Data>
            <Qualifier name="Localized Name">Absorption Coefficient</Qualifier>
            <ParameterValue parameter="pa29" format="float">
              <Data>0</Data>
              <Qualifier name="Variable Type">Dependent</Qualifier>
            </ParameterValue>
          </PropertyData>
          <PropertyData property="pr1">
            <Data format="string">-</Data>
            <Qualifier name="Localized Name">Color</Qualifier>
            <ParameterValue parameter="pa5" format="float">
              <Data>103</Data>
              <Qualifier name="Variable Type">Dependent</Qualifier>
            </ParameterValue>
            <ParameterValue parameter="pa6" format="float">
              <Data>192</Data>
              <Qualifier name="Variable Type">Dependent</Qualifier>
            </ParameterValue>
            <ParameterValue parameter="pa7" format="float">
              <Data>205</Data>
              <Qualifier name="Variable Type">Dependent</Qualifier>
            </ParameterValue>
            <ParameterValue parameter="pa8" format="string">
              <Data>Appearance</Data>
            </ParameterValue>
          </PropertyData>
        </BulkDetails>
      </Material>
      <Material>
        <BulkDetails>
          <Name>Aluminum Alloy</Name>
          <Description>General aluminum alloy.  Fatigue properties come from MIL-HDBK-5H, page 3-277. </Description>
          <PropertyData property="pr1">
            <Data format="string">-</Data>
            <Qualifier name="Localized Name">Color</Qualifier>
            <ParameterValue parameter="pa5" format="float">
              <Data>138</Data>
              <Qualifier name="Variable Type">Dependent</Qualifier>
            </ParameterValue>
            <ParameterValue parameter="pa6" format="float">
              <Data>104</Data>
              <Qualifier name="Variable Type">Dependent</Qualifier>
            </ParameterValue>
            <ParameterValue parameter="pa7" format="float">
              <Data>46</Data>
              <Qualifier name="Variable Type">Dependent</Qualifier>
            </ParameterValue>
            <ParameterValue parameter="pa8" format="string">
              <Data>Appearance</Data>
            </ParameterValue>
          </PropertyData>
          <PropertyData property="pr4">
            <Data format="string">-</Data>
            <Qualifier name="Localized Name">Compressive Ultimate Strength</Qualifier>
            <ParameterValue parameter="pa13" format="float">
              <Data>0</Data>
              <Qualifier name="Variable Type">Dependent</Qualifier>
            </ParameterValue>
          </PropertyData>
          <PropertyData property="pr6">
            <Data format="string">-</Data>
            <Qualifier name="Localized Name">Compressive Yield Strength</Qualifier>
            <ParameterValue parameter="pa15" format="float">
              <Data>280000000</Data>
              <Qualifier name="Variable Type">Dependent</Qualifier>
            </ParameterValue>
          </PropertyData>
          <PropertyData property="pr3">
            <Data format="string">-</Data>
            <Qualifier name="Field Variable Compatible">Temperature</Qualifier>
            <Qualifier name="Localized Name">Density</Qualifier>
            <ParameterValue parameter="pa10" format="string">
              <Data>Interpolation Options</Data>
              <Qualifier name="AlgorithmType">Linear Multivariate</Qualifier>
              <Qualifier name="Normalized">True</Qualifier>
              <Qualifier name="Cached">True</Qualifier>
            </ParameterValue>
            <ParameterValue parameter="pa11" format="float">
              <Data>2770</Data>
              <Qualifier name="Variable Type">Dependent</Qualifier>
            </ParameterValue>
            <ParameterValue parameter="pa12" format="float">
              <Data>7.88860905221012e-31</Data>
              <Qualifier name="Variable Type">Independent</Qualifier>
              <Qualifier name="Field Variable">Temperature</Qualifier>
              <Qualifier name="Default Data">22</Qualifier>
              <Qualifier name="Upper Limit">200</Qualifier>
              <Qualifier name="Lower Limit">-100</Qualifier>
              <Qualifier name="Field Units">C</Qualifier>
            </ParameterValue>
          </PropertyData>
          <PropertyData property="pr21">
            <Data format="string">-</Data>
            <Qualifier name="Localized Name">Tensile Yield Strength</Qualifier>
            <ParameterValue parameter="pa30" format="float">
              <Data>280000000</Data>
              <Qualifier name="Variable Type">Dependent</Qualifier>
            </ParameterValue>
          </PropertyData>
          <PropertyData property="pr22">
            <Data format="string">-</Data>
            <Qualifier name="Localized Name">Tensile Ultimate Strength</Qualifier>
            <ParameterValue parameter="pa31" format="float">
              <Data>310000000</Data>
              <Qualifier name="Variable Type">Dependent</Qualifier>
            </ParameterValue>
          </PropertyData>
          <PropertyData property="pr23">
            <Data format="string">-</Data>
            <Qualifier name="Definition">Secant</Qualifier>
            <Qualifier name="Behavior">Isotropic</Qualifier>
            <Qualifier name="Localized Name">Isotropic Secant Coefficient of Thermal Expansion</Qualifier>
            <ParameterValue parameter="pa32" format="float">
              <Data>2.3e-05</Data>
              <Qualifier name="Variable Type">Dependent</Qualifier>
            </ParameterValue>
            <ParameterValue parameter="pa12" format="float">
              <Data>7.88860905221012e-31</Data>
              <Qualifier name="Variable Type">Independent</Qualifier>
            </ParameterValue>
          </PropertyData>
          <PropertyData property="pr24">
            <Data format="string">-</Data>
            <Qualifier name="Definition">Secant</Qualifier>
            <Qualifier name="Behavior">Isotropic</Qualifier>
            <Qualifier name="Localized Name">Isotropic Zero-Thermal-Strain Reference Temperature Secant</Qualifier>
            <ParameterValue parameter="pa33" format="float">
              <Data>22</Data>
              <Qualifier name="Variable Type">Dependent</Qualifier>
            </ParameterValue>
            <ParameterValue parameter="pa8" format="string">
              <Data>Coefficient of Thermal Expansion</Data>
            </ParameterValue>
          </PropertyData>
          <PropertyData property="pr5">
            <Data format="string">-</Data>
            <Qualifier name="Definition">Constant Pressure</Qualifier>
            <Qualifier name="Field Variable Compatible">Temperature</Qualifier>
            <Qualifier name="Symbol">Cᵨ</Qualifier>
            <Qualifier name="Localized Name">Specific Heat Constant Pressure</Qualifier>
            <ParameterValue parameter="pa14" format="float">
              <Data>875</Data>
              <Qualifier name="Variable Type">Dependent</Qualifier>
            </ParameterValue>
            <ParameterValue parameter="pa12" format="float">
              <Data>7.88860905221012e-31</Data>
              <Qualifier name="Variable Type">Independent</Qualifier>
              <Qualifier name="Field Variable">Temperature</Qualifier>
              <Qualifier name="Default Data">22</Qualifier>
              <Qualifier name="Upper Limit">200</Qualifier>
              <Qualifier name="Lower Limit">-100</Qualifier>
              <Qualifier name="Field Units">C</Qualifier>
            </ParameterValue>
          </PropertyData>
          <PropertyData property="pr2">
            <Data format="string">-</Data>
            <Qualifier name="Behavior">Isotropic</Qualifier>
            <Qualifier name="Field Variable Compatible">Temperature</Qualifier>
            <Qualifier name="Localized Name">Isotropic Thermal Conductivity</Qualifier>
            <ParameterValue parameter="pa9" format="float">
              <Data>114,144,165,175</Data>
              <Qualifier name="Variable Type">Dependent,Dependent,Dependent,Dependent</Qualifier>
            </ParameterValue>
            <ParameterValue parameter="pa12" format="float">
              <Data>-100,0,100,200</Data>
              <Qualifier name="Variable Type">Independent,Independent,Independent,Independent</Qualifier>
              <Qualifier name="Field Variable">Temperature</Qualifier>
              <Qualifier name="Default Data">22</Qualifier>
              <Qualifier name="Upper Limit">200</Qualifier>
              <Qualifier name="Lower Limit">-100</Qualifier>
              <Qualifier name="Field Units">C</Qualifier>
            </ParameterValue>
          </PropertyData>
          <PropertyData property="pr25">
            <Data format="string">-</Data>
            <Qualifier name="Definition">R-Ratio</Qualifier>
            <Qualifier name="Interpolation">Semi-Log</Qualifier>
            <Qualifier name="Localized Name">Alternating Stress R-Ratio</Qualifier>
            <ParameterValue parameter="pa34" format="float">
              <Data>275800000,241300000,206800000,172400000,137900000,117200000,89630000,82740000,170600000,139600000,108600000,87910000,77570000,72390000,144800000,120700000,103400000,93080000,86180000,72390000,74120000,70670000,66360000,62050000</Data>
              <Qualifier name="Variable Type">Dependent,Dependent,Dependent,Dependent,Dependent,Dependent,Dependent,Dependent,Dependent,Dependent,Dependent,Dependent,Dependent,Dependent,Dependent,Dependent,Dependent,Dependent,Dependent,Dependent,Dependent,Dependent,Dependent,Dependent</Qualifier>
            </ParameterValue>
            <ParameterValue parameter="pa35" format="float">
              <Data>1700,5000,34000,140000,800000,2400000,55000000,100000000,50000,350000,3700000,14000000,50000000,100000000,50000,190000,1300000,4400000,12000000,100000000,300000,1500000,12000000,100000000</Data>
              <Qualifier name="Variable Type">Independent,Independent,Independent,Independent,Independent,Independent,Independent,Independent,Independent,Independent,Independent,Independent,Independent,Independent,Independent,Independent,Independent,Independent,Independent,Independent,Independent,Independent,Independent,Independent</Qualifier>
            </ParameterValue>
            <ParameterValue parameter="pa36" format="float">
              <Data>-1,-1,-1,-1,-1,-1,-1,-1,-0.5,-0.5,-0.5,-0.5,-0.5,-0.5,0,0,0,0,0,0,0.5,0.5,0.5,0.5</Data>
              <Qualifier name="Variable Type">Independent,Independent,Independent,Independent,Independent,Independent,Independent,Independent,Independent,Independent,Independent,Independent,Independent,Independent,Independent,Independent,Independent,Independent,Independent,Independent,Independent,Independent,Independent,Independent</Qualifier>
            </ParameterValue>
          </PropertyData>
          <PropertyData property="pr26">
            <Data format="string">-</Data>
            <Qualifier name="Behavior">Isotropic</Qualifier>
            <Qualifier name="Localized Name">Isotropic Resistivity</Qualifier>
            <ParameterValue parameter="pa37" format="float">
              <Data>2.43e-08,2.67e-08,3.63e-08</Data>
              <Qualifier name="Variable Type">Dependent,Dependent,Dependent</Qualifier>
            </ParameterValue>
            <ParameterValue parameter="pa12" format="float">
              <Data>0,20,100</Data>
              <Qualifier name="Variable Type">Independent,Independent,Independent</Qualifier>
            </ParameterValue>
          </PropertyData>
          <PropertyData property="pr27">
            <Data format="string">-</Data>
            <Qualifier name="Behavior">Isotropic</Qualifier>
            <Qualifier name="Derive from">Young's Modulus and Poisson's Ratio</Qualifier>
            <Qualifier name="Field Variable Compatible">Temperature</Qualifier>
            <Qualifier name="Localized Name">Isotropic Elasticity</Qualifier>
            <ParameterValue parameter="pa10" format="string">
              <Data>Interpolation Options</Data>
              <Qualifier name="AlgorithmType">Linear Multivariate</Qualifier>
              <Qualifier name="Normalized">True</Qualifier>
              <Qualifier name="Cached">True</Qualifier>
            </ParameterValue>
            <ParameterValue parameter="pa38" format="float">
              <Data>71000000000</Data>
              <Qualifier name="Variable Type">Dependent</Qualifier>
            </ParameterValue>
            <ParameterValue parameter="pa39" format="float">
              <Data>0.33</Data>
              <Qualifier name="Variable Type">Dependent</Qualifier>
            </ParameterValue>
            <ParameterValue parameter="pa40" format="float">
              <Data>69607843137.2549</Data>
              <Qualifier name="Variable Type">Dependent</Qualifier>
            </ParameterValue>
            <ParameterValue parameter="pa41" format="float">
              <Data>26691729323.3083</Data>
              <Qualifier name="Variable Type">Dependent</Qualifier>
            </ParameterValue>
            <ParameterValue parameter="pa12" format="float">
              <Data>7.88860905221012e-31</Data>
              <Qualifier name="Variable Type">Independent</Qualifier>
              <Qualifier name="Field Variable">Temperature</Qualifier>
              <Qualifier name="Default Data">22</Qualifier>
              <Qualifier name="Upper Limit">200</Qualifier>
              <Qualifier name="Lower Limit">-100</Qualifier>
              <Qualifier name="Field Units">C</Qualifier>
            </ParameterValue>
          </PropertyData>
          <PropertyData property="pr28">
            <Data format="string">-</Data>
            <Qualifier name="Behavior">Isotropic</Qualifier>
            <Qualifier name="Localized Name">Isotropic Relative Permeability</Qualifier>
            <ParameterValue parameter="pa42" format="float">
              <Data>1</Data>
              <Qualifier name="Variable Type">Dependent</Qualifier>
            </ParameterValue>
          </PropertyData>
          <PropertyData property="pr29">
            <Data format="string">-</Data>
            <Qualifier name="Temperature">Temperature:TEMP</Qualifier>
            <Qualifier name="Localized Name">Field Variable</Qualifier>
          </PropertyData>
        </BulkDetails>
      </Material>
      <Material>
        <Glossary>
          <Term>
            <Name>Glass</Name>
            <Synonym>glass</Synonym>
          </Term>
        </Glossary>
        <BulkDetails>
          <Name>Glass</Name>
          <PropertyData property="pr2">
            <Data format="string">-</Data>
            <Qualifier name="Behavior">Isotropic</Qualifier>
            <Qualifier name="Field Variable Compatible">Temperature</Qualifier>
            <Qualifier name="Localized Name">Isotropic Thermal Conductivity</Qualifier>
            <ParameterValue parameter="pa9" format="float">
              <Data>1.4</Data>
              <Qualifier name="Variable Type">Dependent</Qualifier>
            </ParameterValue>
            <ParameterValue parameter="pa12" format="float">
              <Data>7.88860905221012e-31</Data>
              <Qualifier name="Variable Type">Independent</Qualifier>
              <Qualifier name="Field Variable">Temperature</Qualifier>
              <Qualifier name="Default Data">22</Qualifier>
              <Qualifier name="Upper Limit">0.0118329135783152</Qualifier>
              <Qualifier name="Lower Limit">0.00394430452610506</Qualifier>
              <Qualifier name="Field Units">C</Qualifier>
            </ParameterValue>
          </PropertyData>
          <PropertyData property="pr3">
            <Data format="string">-</Data>
            <Qualifier name="Field Variable Compatible">Temperature</Qualifier>
            <Qualifier name="Localized Name">Density</Qualifier>
            <ParameterValue parameter="pa10" format="string">
              <Data>Interpolation Options</Data>
              <Qualifier name="AlgorithmType">Linear Multivariate</Qualifier>
              <Qualifier name="Normalized">True</Qualifier>
              <Qualifier name="Cached">True</Qualifier>
            </ParameterValue>
            <ParameterValue parameter="pa11" format="float">
              <Data>2500</Data>
              <Qualifier name="Variable Type">Dependent</Qualifier>
            </ParameterValue>
            <ParameterValue parameter="pa12" format="float">
              <Data>7.88860905221012e-31</Data>
              <Qualifier name="Variable Type">Independent</Qualifier>
              <Qualifier name="Field Variable">Temperature</Qualifier>
              <Qualifier name="Default Data">22</Qualifier>
              <Qualifier name="Upper Limit">0.0118329135783152</Qualifier>
              <Qualifier name="Lower Limit">0.00394430452610506</Qualifier>
              <Qualifier name="Field Units">C</Qualifier>
            </ParameterValue>
          </PropertyData>
          <PropertyData property="pr5">
            <Data format="string">-</Data>
            <Qualifier name="Definition">Constant Pressure</Qualifier>
            <Qualifier name="Field Variable Compatible">Temperature</Qualifier>
            <Qualifier name="Symbol">Cᵨ</Qualifier>
            <Qualifier name="Localized Name">Specific Heat Constant Pressure</Qualifier>
            <ParameterValue parameter="pa14" format="float">
              <Data>750</Data>
              <Qualifier name="Variable Type">Dependent</Qualifier>
            </ParameterValue>
            <ParameterValue parameter="pa12" format="float">
              <Data>7.88860905221012e-31</Data>
              <Qualifier name="Variable Type">Independent</Qualifier>
              <Qualifier name="Field Variable">Temperature</Qualifier>
              <Qualifier name="Default Data">22</Qualifier>
              <Qualifier name="Upper Limit">0.0118329135783152</Qualifier>
              <Qualifier name="Lower Limit">0.00394430452610506</Qualifier>
              <Qualifier name="Field Units">C</Qualifier>
            </ParameterValue>
          </PropertyData>
          <PropertyData property="pr1">
            <Data format="string">-</Data>
            <Qualifier name="Localized Name">Color</Qualifier>
            <ParameterValue parameter="pa5" format="float">
              <Data>181</Data>
              <Qualifier name="Variable Type">Dependent</Qualifier>
            </ParameterValue>
            <ParameterValue parameter="pa6" format="float">
              <Data>168</Data>
              <Qualifier name="Variable Type">Dependent</Qualifier>
            </ParameterValue>
            <ParameterValue parameter="pa7" format="float">
              <Data>168</Data>
              <Qualifier name="Variable Type">Dependent</Qualifier>
            </ParameterValue>
            <ParameterValue parameter="pa8" format="string">
              <Data>Appearance</Data>
            </ParameterValue>
          </PropertyData>
        </BulkDetails>
      </Material>
      <Metadata>
        <ParameterDetails id="pa0">
          <Name>Adiabatic Exponent γ</Name>
          <Unitless />
        </ParameterDetails>
        <ParameterDetails id="pa1">
          <Name>Adiabatic Constant</Name>
          <Unitless />
        </ParameterDetails>
        <ParameterDetails id="pa2">
          <Name>Pressure Shift</Name>
          <Units name="Pressure">
            <Unit>
              <Name>Pa</Name>
            </Unit>
          </Units>
        </ParameterDetails>
        <ParameterDetails id="pa3">
          <Name>Reference Temperature</Name>
          <Units name="Temperature">
            <Unit>
              <Name>C</Name>
            </Unit>
          </Units>
        </ParameterDetails>
        <ParameterDetails id="pa4">
          <Name>Specific Internal Energy</Name>
          <Units name="Energy Density by Mass">
            <Unit>
              <Name>J</Name>
            </Unit>
            <Unit power="-1">
              <Name>kg</Name>
            </Unit>
          </Units>
        </ParameterDetails>
        <ParameterDetails id="pa10">
          <Name>Options Variable</Name>
          <Unitless />
        </ParameterDetails>
        <ParameterDetails id="pa11">
          <Name>Density</Name>
          <Units name="Density">
            <Unit>
              <Name>kg</Name>
            </Unit>
            <Unit power="-3">
              <Name>m</Name>
            </Unit>
          </Units>
        </ParameterDetails>
        <ParameterDetails id="pa14">
          <Name>Specific Heat</Name>
          <Units name="Specific Heat Capacity">
            <Unit>
              <Name>J</Name>
            </Unit>
            <Unit power="-1">
              <Name>kg</Name>
            </Unit>
            <Unit power="-1">
              <Name>C</Name>
            </Unit>
          </Units>
        </ParameterDetails>
        <ParameterDetails id="pa5">
          <Name>Red</Name>
          <Unitless />
        </ParameterDetails>
        <ParameterDetails id="pa6">
          <Name>Green</Name>
          <Unitless />
        </ParameterDetails>
        <ParameterDetails id="pa7">
          <Name>Blue</Name>
          <Unitless />
        </ParameterDetails>
        <ParameterDetails id="pa8">
          <Name>Material Property</Name>
          <Unitless />
        </ParameterDetails>
        <ParameterDetails id="pa9">
          <Name>Thermal Conductivity</Name>
          <Units name="Thermal Conductivity">
            <Unit>
              <Name>W</Name>
            </Unit>
            <Unit power="-1">
              <Name>m</Name>
            </Unit>
            <Unit power="-1">
              <Name>C</Name>
            </Unit>
          </Units>
        </ParameterDetails>
        <ParameterDetails id="pa12">
          <Name>Temperature</Name>
          <Units name="Temperature">
            <Unit>
              <Name>C</Name>
            </Unit>
          </Units>
        </ParameterDetails>
        <ParameterDetails id="pa16">
          <Name>Latent Heat</Name>
          <Units name="Energy Density by Mass">
            <Unit>
              <Name>J</Name>
            </Unit>
            <Unit power="-1">
              <Name>kg</Name>
            </Unit>
          </Units>
        </ParameterDetails>
        <ParameterDetails id="pa17">
          <Name>Vaporization Temperature</Name>
          <Units name="Temperature">
            <Unit>
              <Name>C</Name>
            </Unit>
          </Units>
        </ParameterDetails>
        <ParameterDetails id="pa18">
          <Name>Boiling Point</Name>
          <Units name="Temperature">
            <Unit>
              <Name>C</Name>
            </Unit>
          </Units>
        </ParameterDetails>
        <ParameterDetails id="pa19">
          <Name>Binary Diffusivity</Name>
          <Unitless />
        </ParameterDetails>
        <ParameterDetails id="pa20">
          <Name>Volatile Fraction</Name>
          <Unitless />
        </ParameterDetails>
        <ParameterDetails id="pa21">
          <Name>Combustible Fraction</Name>
          <Unitless />
        </ParameterDetails>
        <ParameterDetails id="pa22">
          <Name>Swelling Coefficient</Name>
          <Unitless />
        </ParameterDetails>
        <ParameterDetails id="pa23">
          <Name>Emissivity</Name>
          <Unitless />
        </ParameterDetails>
        <ParameterDetails id="pa24">
          <Name>Scattering Factor</Name>
          <Unitless />
        </ParameterDetails>
        <ParameterDetails id="pa25">
          <Name>Burn Stoichiometry</Name>
          <Unitless />
        </ParameterDetails>
        <ParameterDetails id="pa26">
          <Name>Burn Hreact</Name>
          <Unitless />
        </ParameterDetails>
        <ParameterDetails id="pa27">
          <Name>Burn Hreact Fraction</Name>
          <Unitless />
        </ParameterDetails>
        <ParameterDetails id="pa28">
          <Name>Devolatilization Model</Name>
          <Unitless />
        </ParameterDetails>
        <ParameterDetails id="pa29">
          <Name>Absorption Coefficient</Name>
          <Units name="Inverse Length">
            <Unit power="-1">
              <Name>m</Name>
            </Unit>
          </Units>
        </ParameterDetails>
        <ParameterDetails id="pa13">
          <Name>Compressive Ultimate Strength</Name>
          <Units name="Stress">
            <Unit>
              <Name>Pa</Name>
            </Unit>
          </Units>
        </ParameterDetails>
        <ParameterDetails id="pa15">
          <Name>Compressive Yield Strength</Name>
          <Units name="Stress">
            <Unit>
              <Name>Pa</Name>
            </Unit>
          </Units>
        </ParameterDetails>
        <ParameterDetails id="pa30">
          <Name>Tensile Yield Strength</Name>
          <Units name="Stress">
            <Unit>
              <Name>Pa</Name>
            </Unit>
          </Units>
        </ParameterDetails>
        <ParameterDetails id="pa31">
          <Name>Tensile Ultimate Strength</Name>
          <Units name="Stress">
            <Unit>
              <Name>Pa</Name>
            </Unit>
          </Units>
        </ParameterDetails>
        <ParameterDetails id="pa32">
          <Name>Coefficient of Thermal Expansion</Name>
          <Units name="InvTemp1">
            <Unit power="-1">
              <Name>C</Name>
            </Unit>
          </Units>
        </ParameterDetails>
        <ParameterDetails id="pa33">
          <Name>Zero-Thermal-Strain Reference Temperature</Name>
          <Units name="Temperature">
            <Unit>
              <Name>C</Name>
            </Unit>
          </Units>
        </ParameterDetails>
        <ParameterDetails id="pa34">
          <Name>Alternating Stress</Name>
          <Units name="Stress">
            <Unit>
              <Name>Pa</Name>
            </Unit>
          </Units>
        </ParameterDetails>
        <ParameterDetails id="pa35">
          <Name>Cycles</Name>
          <Unitless />
        </ParameterDetails>
        <ParameterDetails id="pa36">
          <Name>R-Ratio</Name>
          <Unitless />
        </ParameterDetails>
        <ParameterDetails id="pa37">
          <Name>Resistivity</Name>
          <Units name="Electrical Resistivity">
            <Unit>
              <Name>kg</Name>
            </Unit>
            <Unit power="3">
              <Name>m</Name>
            </Unit>
            <Unit power="-2">
              <Name>A</Name>
            </Unit>
            <Unit power="-3">
              <Name>s</Name>
            </Unit>
          </Units>
        </ParameterDetails>
        <ParameterDetails id="pa38">
          <Name>Young's Modulus</Name>
          <Units name="Stress">
            <Unit>
              <Name>Pa</Name>
            </Unit>
          </Units>
        </ParameterDetails>
        <ParameterDetails id="pa39">
          <Name>Poisson's Ratio</Name>
          <Unitless />
        </ParameterDetails>
        <ParameterDetails id="pa40">
          <Name>Bulk Modulus</Name>
          <Units name="Stress">
            <Unit>
              <Name>Pa</Name>
            </Unit>
          </Units>
        </ParameterDetails>
        <ParameterDetails id="pa41">
          <Name>Shear Modulus</Name>
          <Units name="Stress">
            <Unit>
              <Name>Pa</Name>
            </Unit>
          </Units>
        </ParameterDetails>
        <ParameterDetails id="pa42">
          <Name>Relative Permeability</Name>
          <Unitless />
        </ParameterDetails>
        <PropertyDetails id="pr0">
          <Unitless />
          <Name>Ideal Gas EOS</Name>
        </PropertyDetails>
        <PropertyDetails id="pr1">
          <Unitless />
          <Name>Color</Name>
        </PropertyDetails>
        <PropertyDetails id="pr2">
          <Unitless />
          <Name>Thermal Conductivity</Name>
        </PropertyDetails>
        <PropertyDetails id="pr3">
          <Unitless />
          <Name>Density</Name>
        </PropertyDetails>
        <PropertyDetails id="pr4">
          <Unitless />
          <Name>Compressive Ultimate Strength</Name>
        </PropertyDetails>
        <PropertyDetails id="pr5">
          <Unitless />
          <Name>Specific Heat</Name>
        </PropertyDetails>
        <PropertyDetails id="pr6">
          <Unitless />
          <Name>Compressive Yield Strength</Name>
        </PropertyDetails>
        <PropertyDetails id="pr7">
          <Unitless />
          <Name>Latent Heat</Name>
        </PropertyDetails>
        <PropertyDetails id="pr8">
          <Unitless />
          <Name>Vaporization Temperature</Name>
        </PropertyDetails>
        <PropertyDetails id="pr9">
          <Unitless />
          <Name>Boiling Point</Name>
        </PropertyDetails>
        <PropertyDetails id="pr10">
          <Unitless />
          <Name>Binary Diffusivity</Name>
        </PropertyDetails>
        <PropertyDetails id="pr11">
          <Unitless />
          <Name>Volatile Fraction</Name>
        </PropertyDetails>
        <PropertyDetails id="pr12">
          <Unitless />
          <Name>Combustible Fraction</Name>
        </PropertyDetails>
        <PropertyDetails id="pr13">
          <Unitless />
          <Name>Swelling Coefficient</Name>
        </PropertyDetails>
        <PropertyDetails id="pr14">
          <Unitless />
          <Name>Emissivity</Name>
        </PropertyDetails>
        <PropertyDetails id="pr15">
          <Unitless />
          <Name>Scattering Factor</Name>
        </PropertyDetails>
        <PropertyDetails id="pr16">
          <Unitless />
          <Name>Burn Stoichiometry</Name>
        </PropertyDetails>
        <PropertyDetails id="pr17">
          <Unitless />
          <Name>Burn Hreact</Name>
        </PropertyDetails>
        <PropertyDetails id="pr18">
          <Unitless />
          <Name>Burn Hreact Fraction</Name>
        </PropertyDetails>
        <PropertyDetails id="pr19">
          <Unitless />
          <Name>Devolatilization Model</Name>
        </PropertyDetails>
        <PropertyDetails id="pr20">
          <Unitless />
          <Name>Absorption Coefficient</Name>
        </PropertyDetails>
        <PropertyDetails id="pr21">
          <Unitless />
          <Name>Tensile Yield Strength</Name>
        </PropertyDetails>
        <PropertyDetails id="pr22">
          <Unitless />
          <Name>Tensile Ultimate Strength</Name>
        </PropertyDetails>
        <PropertyDetails id="pr23">
          <Unitless />
          <Name>Coefficient of Thermal Expansion</Name>
        </PropertyDetails>
        <PropertyDetails id="pr24">
          <Unitless />
          <Name>Zero-Thermal-Strain Reference Temperature</Name>
        </PropertyDetails>
        <PropertyDetails id="pr25">
          <Unitless />
          <Name>Alternating Stress</Name>
        </PropertyDetails>
        <PropertyDetails id="pr26">
          <Unitless />
          <Name>Resistivity</Name>
        </PropertyDetails>
        <PropertyDetails id="pr27">
          <Unitless />
          <Name>Elasticity</Name>
        </PropertyDetails>
        <PropertyDetails id="pr28">
          <Unitless />
          <Name>Relative Permeability</Name>
        </PropertyDetails>
        <PropertyDetails id="pr29">
          <Unitless />
          <Name>Field Variable</Name>
        </PropertyDetails>
      </Metadata>
    </MatML_Doc>
  </Materials>
  <ANSYSWBTransferData>
    <Materials>
      <Material>
        <Name>Air(Atmospheric)</Name>
        <DataTransferID>6ff48dde-43cb-4beb-9cac-d9e8c472f55a</DataTransferID>
        <PreviousTransferIDs>
        </PreviousTransferIDs>
      </Material>
      <Material>
        <Name>PVC</Name>
        <DataTransferID>cf3a1ece-2e71-42b2-a368-38b05f06318b</DataTransferID>
        <PreviousTransferIDs>
        </PreviousTransferIDs>
      </Material>
      <Material>
        <Name>Isopor</Name>
        <DataTransferID>b7508fc1-bde1-43ab-acd8-42865522fd3f</DataTransferID>
        <PreviousTransferIDs>
        </PreviousTransferIDs>
      </Material>
      <Material>
        <Name>Wood</Name>
        <DataTransferID>bd6e0a06-8742-45f5-8977-f33b811592f3</DataTransferID>
        <PreviousTransferIDs>
        </PreviousTransferIDs>
      </Material>
      <Material>
        <Name>Aluminum Alloy</Name>
        <DataTransferID>dc7890c1-13e4-4d43-b8a4-7e92d448b2ac</DataTransferID>
        <PreviousTransferIDs>
        </PreviousTransferIDs>
      </Material>
      <Material>
        <Name>Glass</Name>
        <DataTransferID>99059e3e-f4db-4a22-a68d-1d2e0439676b</DataTransferID>
        <PreviousTransferIDs>
        </PreviousTransferIDs>
      </Material>
    </Materials>
  </ANSYSWBTransferData>
</EngineeringData>